"";"type";"Measure";"Measurement"
"1";"target";"inst.speed";9,84036145000268
"2";"target";"inst.speed";7,66788561987531
"3";"target";"inst.speed";9,01747205773184
"4";"target";"inst.speed";8,64414948534656
"5";"target";"inst.speed";10,6137740285401
"6";"target";"inst.speed";9,96481069502891
"7";"target";"inst.speed";9,38621706392517
"8";"target";"inst.speed";9,36411042617473
"9";"target";"inst.speed";7,37784478562103
"10";"target";"inst.speed";8,82879748719127
"11";"target";"inst.speed";5,13990745300916
"12";"target";"inst.speed";9,0516950521717
"13";"target";"inst.speed";8,91868476368082
"14";"target";"inst.speed";9,32030810665267
"15";"target";"inst.speed";7,66162919580792
"16";"target";"inst.speed";8,27376449634449
"17";"target";"inst.speed";9,14705620865655
"18";"target";"inst.speed";7,39377762934612
"19";"target";"inst.speed";8,30820101729406
"20";"target";"inst.speed";7,92941293975148
"21";"target";"inst.speed";10,1666941540769
"22";"target";"inst.speed";8,38641489917291
"23";"target";"inst.speed";9,80433134195695
"24";"target";"inst.speed";9,13813244871919
"25";"target";"inst.speed";9,31641242477849
"26";"target";"inst.speed";7,73922832220993
"27";"target";"inst.speed";7,73908172093305
"28";"target";"inst.speed";8,47043793598816
"29";"target";"inst.speed";8,98758988488989
"30";"target";"inst.speed";9,60784266046548
"31";"target";"inst.speed";10,8438583259638
"32";"target";"inst.speed";6,84765094446592
"33";"target";"inst.speed";9,29945766456598
"34";"target";"inst.speed";8,46727208542383
"35";"target";"inst.speed";7,88226018461594
"36";"target";"inst.speed";8,36805688140658
"37";"target";"inst.speed";6,95962640481397
"38";"target";"inst.speed";8,58399630750087
"39";"target";"inst.speed";7,81974552802846
"40";"target";"inst.speed";9,45411208447719
"41";"target";"inst.speed";9,24698486998466
"42";"target";"inst.speed";9,13107247917847
"43";"target";"inst.speed";8,72487041585849
"44";"target";"inst.speed";7,0981972628111
"45";"target";"inst.speed";7,44216173601844
"46";"target";"inst.speed";8,35313582231127
"47";"target";"inst.speed";9,13506834561432
"48";"target";"inst.speed";10,323976339372
"49";"target";"inst.speed";8,99758582170667
"50";"target";"inst.speed";7,32925749458447
"51";"target";"inst.speed";7,539663855196
"52";"target";"inst.speed";7,32777051325027
"53";"target";"inst.speed";9,81068322299336
"54";"target";"inst.speed";8,64631586323677
"55";"target";"inst.speed";10,0847420268419
"56";"target";"inst.speed";7,33630835666835
"57";"target";"inst.speed";8,48622060825486
"58";"target";"inst.speed";8,99770367249107
"59";"target";"inst.speed";10,2150107428108
"60";"target";"inst.speed";8,78735450109317
"61";"target";"inst.speed";8,44532951583056
"62";"target";"inst.speed";7,4966019384356
"63";"target";"inst.speed";9,74776247933974
"64";"target";"inst.speed";6,91521905134999
"65";"target";"straightness";0,198638954665941
"66";"target";"straightness";0,370753509938798
"67";"target";"straightness";0,327417195414748
"68";"target";"straightness";0,596809269647733
"69";"target";"straightness";0,278669757538184
"70";"target";"straightness";0,194053198148725
"71";"target";"straightness";0,365602139580935
"72";"target";"straightness";0,389080203539955
"73";"target";"straightness";0,293187795621314
"74";"target";"straightness";0,357018412369046
"75";"target";"straightness";0,140566314303929
"76";"target";"straightness";0,336503746248424
"77";"target";"straightness";0,220699003634157
"78";"target";"straightness";0,527901642214804
"79";"target";"straightness";0,214661784401834
"80";"target";"straightness";0,375597520031342
"81";"target";"straightness";0,153683398569756
"82";"target";"straightness";0,522546395825932
"83";"target";"straightness";0,370824582966957
"84";"target";"straightness";0,264396899757526
"85";"target";"straightness";0,206708852603679
"86";"target";"straightness";0,189716657880417
"87";"target";"straightness";0,383156219175127
"88";"target";"straightness";0,527580266855975
"89";"target";"straightness";0,139063321580454
"90";"target";"straightness";0,272945490830442
"91";"target";"straightness";0,453351580858948
"92";"target";"straightness";0,222012890293091
"93";"target";"straightness";0,352088090035331
"94";"target";"straightness";0,23332130461786
"95";"target";"straightness";0,0391873490857164
"96";"target";"straightness";0,58551250315813
"97";"target";"straightness";0,154150195827981
"98";"target";"straightness";0,247828738878832
"99";"target";"straightness";0,486100473841984
"100";"target";"straightness";0,274039418824123
"101";"target";"straightness";0,121497783373948
"102";"target";"straightness";0,36482277240136
"103";"target";"straightness";0,346292974503765
"104";"target";"straightness";0,0545796480974904
"105";"target";"straightness";0,338298876388667
"106";"target";"straightness";0,212600043071994
"107";"target";"straightness";0,139677345007246
"108";"target";"straightness";0,539773139057992
"109";"target";"straightness";0,0496728681358617
"110";"target";"straightness";0,397249304749858
"111";"target";"straightness";0,391063683096909
"112";"target";"straightness";0,342369545668769
"113";"target";"straightness";0,121925099522457
"114";"target";"straightness";0,359355316849518
"115";"target";"straightness";0,395192081535717
"116";"target";"straightness";0,0523632978798199
"117";"target";"straightness";0,139099171857271
"118";"target";"straightness";0,355004015999937
"119";"target";"straightness";0,377445656507649
"120";"target";"straightness";0,03917428007437
"121";"target";"straightness";0,297575530394804
"122";"target";"straightness";0,385328496651272
"123";"target";"straightness";0,335809335253075
"124";"target";"straightness";0,09609936416101
"125";"target";"straightness";0,455940359553146
"126";"target";"straightness";0,214693495631488
"127";"target";"straightness";0,11400060659995
"128";"target";"straightness";0,355766791509731
"129";"target";"turning.angles";0,244848600010306
"130";"target";"turning.angles";0,540523189378369
"131";"target";"turning.angles";0,300258310778943
"132";"target";"turning.angles";0,552287705922232
"133";"target";"turning.angles";0,181898557068705
"134";"target";"turning.angles";0,253227987811301
"135";"target";"turning.angles";0,250612845278795
"136";"target";"turning.angles";0,255361332166939
"137";"target";"turning.angles";0,628923897916286
"138";"target";"turning.angles";0,290697062708681
"139";"target";"turning.angles";0,592918597896303
"140";"target";"turning.angles";0,282927829109871
"141";"target";"turning.angles";0,253801503569528
"142";"target";"turning.angles";0,346247218110439
"143";"target";"turning.angles";0,435519225807038
"144";"target";"turning.angles";0,31149279242093
"145";"target";"turning.angles";0,262632072742293
"146";"target";"turning.angles";0,331190355442675
"147";"target";"turning.angles";0,373906919119115
"148";"target";"turning.angles";0,470403189699951
"149";"target";"turning.angles";0,19004807767592
"150";"target";"turning.angles";0,401366381516006
"151";"target";"turning.angles";0,23620769532116
"152";"target";"turning.angles";0,23544019366686
"153";"target";"turning.angles";0,249439195659689
"154";"target";"turning.angles";0,380795757765146
"155";"target";"turning.angles";0,409037954905247
"156";"target";"turning.angles";0,342678896984034
"157";"target";"turning.angles";0,356112278991457
"158";"target";"turning.angles";0,184647433093258
"159";"target";"turning.angles";0,158677877096097
"160";"target";"turning.angles";0,819343793289358
"161";"target";"turning.angles";0,304776695797132
"162";"target";"turning.angles";0,360339765668187
"163";"target";"turning.angles";0,415971074022727
"164";"target";"turning.angles";0,400433873240239
"165";"target";"turning.angles";0,446737418348859
"166";"target";"turning.angles";0,385707005304398
"167";"target";"turning.angles";0,396565258886403
"168";"target";"turning.angles";0,323895743418447
"169";"target";"turning.angles";0,22169373176849
"170";"target";"turning.angles";0,37187469783424
"171";"target";"turning.angles";0,317030936440722
"172";"target";"turning.angles";0,531869956772101
"173";"target";"turning.angles";0,508085355757438
"174";"target";"turning.angles";0,284751673473339
"175";"target";"turning.angles";0,225269495805702
"176";"target";"turning.angles";0,215696398195752
"177";"target";"turning.angles";0,275759017535711
"178";"target";"turning.angles";0,29013821158469
"179";"target";"turning.angles";0,456369814878162
"180";"target";"turning.angles";0,467734813202579
"181";"target";"turning.angles";0,301613565087889
"182";"target";"turning.angles";0,466377677775793
"183";"target";"turning.angles";0,259908109296806
"184";"target";"turning.angles";0,529583479134217
"185";"target";"turning.angles";0,325480578017902
"186";"target";"turning.angles";0,332170640597129
"187";"target";"turning.angles";0,187539237896489
"188";"target";"turning.angles";0,277560033228672
"189";"target";"turning.angles";0,33244944125399
"190";"target";"turning.angles";0,447661158229749
"191";"target";"turning.angles";0,212157805813724
"192";"target";"turning.angles";0,581637042678191
"193";"target";"arrest.coeff";0,0172413793103448
"194";"target";"arrest.coeff";0,146551724137931
"195";"target";"arrest.coeff";0,0603448275862069
"196";"target";"arrest.coeff";0,189655172413793
"197";"target";"arrest.coeff";0
"198";"target";"arrest.coeff";0,0258620689655172
"199";"target";"arrest.coeff";0,00862068965517241
"200";"target";"arrest.coeff";0
"201";"target";"arrest.coeff";0,224137931034483
"202";"target";"arrest.coeff";0,0689655172413793
"203";"target";"arrest.coeff";0,232758620689655
"204";"target";"arrest.coeff";0,0258620689655172
"205";"target";"arrest.coeff";0,0172413793103448
"206";"target";"arrest.coeff";0,0775862068965517
"207";"target";"arrest.coeff";0,0948275862068965
"208";"target";"arrest.coeff";0,0862068965517241
"209";"target";"arrest.coeff";0,00862068965517241
"210";"target";"arrest.coeff";0,0862068965517241
"211";"target";"arrest.coeff";0,0517241379310345
"212";"target";"arrest.coeff";0,146551724137931
"213";"target";"arrest.coeff";0
"214";"target";"arrest.coeff";0,0517241379310345
"215";"target";"arrest.coeff";0,0258620689655172
"216";"target";"arrest.coeff";0,0258620689655172
"217";"target";"arrest.coeff";0,0258620689655172
"218";"target";"arrest.coeff";0,0862068965517241
"219";"target";"arrest.coeff";0,0948275862068965
"220";"target";"arrest.coeff";0,0258620689655172
"221";"target";"arrest.coeff";0,0948275862068965
"222";"target";"arrest.coeff";0,00862068965517241
"223";"target";"arrest.coeff";0
"224";"target";"arrest.coeff";0,336206896551724
"225";"target";"arrest.coeff";0,0258620689655172
"226";"target";"arrest.coeff";0,0603448275862069
"227";"target";"arrest.coeff";0,129310344827586
"228";"target";"arrest.coeff";0,0948275862068965
"229";"target";"arrest.coeff";0,146551724137931
"230";"target";"arrest.coeff";0,0431034482758621
"231";"target";"arrest.coeff";0,0948275862068965
"232";"target";"arrest.coeff";0,0775862068965517
"233";"target";"arrest.coeff";0,00862068965517241
"234";"target";"arrest.coeff";0,0775862068965517
"235";"target";"arrest.coeff";0,0344827586206897
"236";"target";"arrest.coeff";0,172413793103448
"237";"target";"arrest.coeff";0,163793103448276
"238";"target";"arrest.coeff";0,0775862068965517
"239";"target";"arrest.coeff";0,0431034482758621
"240";"target";"arrest.coeff";0,00862068965517241
"241";"target";"arrest.coeff";0,0172413793103448
"242";"target";"arrest.coeff";0,0344827586206897
"243";"target";"arrest.coeff";0,146551724137931
"244";"target";"arrest.coeff";0,112068965517241
"245";"target";"arrest.coeff";0,0431034482758621
"246";"target";"arrest.coeff";0,129310344827586
"247";"target";"arrest.coeff";0,0344827586206897
"248";"target";"arrest.coeff";0,0775862068965517
"249";"target";"arrest.coeff";0,0517241379310345
"250";"target";"arrest.coeff";0,0517241379310345
"251";"target";"arrest.coeff";0,0172413793103448
"252";"target";"arrest.coeff";0,0258620689655172
"253";"target";"arrest.coeff";0,0775862068965517
"254";"target";"arrest.coeff";0,112068965517241
"255";"target";"arrest.coeff";0
"256";"target";"arrest.coeff";0,21551724137931
