"";"type";"Measure";"Measurement"
"1";"target";"inst.speed";5,49777827906035
"2";"target";"inst.speed";3,84181784396552
"3";"target";"inst.speed";6,05873602601724
"4";"target";"inst.speed";3,62747941810345
"5";"target";"inst.speed";5,50773013189655
"6";"target";"inst.speed";3,315571141
"7";"target";"inst.speed";6,4883063317069
"8";"target";"inst.speed";5,48129132665517
"9";"target";"inst.speed";3,32506229741379
"10";"target";"inst.speed";5,00787146034483
"11";"target";"inst.speed";4,48628478534483
"12";"target";"inst.speed";4,13845313017241
"13";"target";"inst.speed";5,10624200603448
"14";"target";"inst.speed";1,67567416034483
"15";"target";"inst.speed";3,72040249172414
"16";"target";"inst.speed";7,04315120965517
"17";"target";"inst.speed";5,09935217459483
"18";"target";"inst.speed";4,72818594568965
"19";"target";"inst.speed";6,57303438655172
"20";"target";"inst.speed";7,2649048955
"21";"target";"inst.speed";5,50143407431035
"22";"target";"inst.speed";3,97127898482759
"23";"target";"inst.speed";5,71414459827586
"24";"target";"inst.speed";5,54269478586207
"25";"target";"inst.speed";5,38407627703448
"26";"target";"inst.speed";4,78235832534483
"27";"target";"inst.speed";6,51934519310345
"28";"target";"inst.speed";5,66723269908621
"29";"target";"inst.speed";8,057247438
"30";"target";"inst.speed";6,40720624137931
"31";"target";"inst.speed";4,03667799310345
"32";"target";"inst.speed";5,27788269568966
"33";"target";"inst.speed";5,61431670486207
"34";"target";"inst.speed";2,83663553481034
"35";"target";"inst.speed";4,81745487068966
"36";"target";"inst.speed";3,20969494387069
"37";"target";"inst.speed";4,90830017146552
"38";"target";"inst.speed";4,54862953362069
"39";"target";"inst.speed";7,14458335241379
"40";"target";"inst.speed";5,3918055627069
"41";"target";"inst.speed";6,7190318032069
"42";"target";"inst.speed";2,87631671969828
"43";"target";"inst.speed";7,11263687599138
"44";"target";"inst.speed";4,17265126256896
"45";"target";"inst.speed";5,78556528275862
"46";"target";"inst.speed";6,15588968705172
"47";"target";"inst.speed";6,13237392327586
"48";"target";"inst.speed";4,9675135112069
"49";"target";"inst.speed";5,39514457672414
"50";"target";"inst.speed";2,89340578271552
"51";"target";"inst.speed";5,38256587793104
"52";"target";"inst.speed";3,97165472068966
"53";"target";"inst.speed";4,84093939934483
"54";"target";"inst.speed";4,60547792844828
"55";"target";"inst.speed";4,95550200862069
"56";"target";"inst.speed";7,00571094325
"57";"target";"inst.speed";5,82895473918966
"58";"target";"inst.speed";6,36486010310345
"59";"target";"inst.speed";4,7068877982069
"60";"target";"inst.speed";5,32093851496552
"61";"target";"inst.speed";2,32207453286207
"62";"target";"inst.speed";3,95436470251724
"63";"target";"inst.speed";4,84776805974138
"64";"target";"inst.speed";2,1604054942069
"65";"target";"straightness";0,766909879468045
"66";"target";"straightness";0,101772310037625
"67";"target";"straightness";0,150881388140569
"68";"target";"straightness";0,66486625696473
"69";"target";"straightness";0,396341715276986
"70";"target";"straightness";0,212737408398305
"71";"target";"straightness";0,550411574128933
"72";"target";"straightness";0,604105483700003
"73";"target";"straightness";0,425148342663992
"74";"target";"straightness";0,314053396848799
"75";"target";"straightness";0,138535724473243
"76";"target";"straightness";0,0244684150352778
"77";"target";"straightness";0,436908068112694
"78";"target";"straightness";0,0903195716657994
"79";"target";"straightness";0,291873864987585
"80";"target";"straightness";0,510570499162854
"81";"target";"straightness";0,801347806499699
"82";"target";"straightness";0,580576483166009
"83";"target";"straightness";0,430614907702397
"84";"target";"straightness";0,148833303565943
"85";"target";"straightness";0,565067284132928
"86";"target";"straightness";0,43815582541534
"87";"target";"straightness";0,093984129069873
"88";"target";"straightness";0,489096041181301
"89";"target";"straightness";0,772691578079096
"90";"target";"straightness";0,270489892855105
"91";"target";"straightness";0,338426249531536
"92";"target";"straightness";0,629816634995663
"93";"target";"straightness";0,0786032671263749
"94";"target";"straightness";0,212331020748669
"95";"target";"straightness";0,10464343342453
"96";"target";"straightness";0,0856996315881749
"97";"target";"straightness";0,285438095989388
"98";"target";"straightness";0,202490405855153
"99";"target";"straightness";0,223011592193843
"100";"target";"straightness";0,560782788170862
"101";"target";"straightness";0,841398455421719
"102";"target";"straightness";0,537555302899732
"103";"target";"straightness";0,0871435773107457
"104";"target";"straightness";0,631252217446667
"105";"target";"straightness";0,400732242444011
"106";"target";"straightness";0,00190959875822822
"107";"target";"straightness";0,334419979198015
"108";"target";"straightness";0,0224377006628534
"109";"target";"straightness";0,191452809142605
"110";"target";"straightness";0,0150125896316892
"111";"target";"straightness";0,135395007715322
"112";"target";"straightness";0,182681776344258
"113";"target";"straightness";0,189241494279223
"114";"target";"straightness";0,198473097287521
"115";"target";"straightness";0,0984045436331378
"116";"target";"straightness";0,0740346213673926
"117";"target";"straightness";0,396804095805635
"118";"target";"straightness";0,160322458105918
"119";"target";"straightness";0,0903654795696236
"120";"target";"straightness";0,271729467174014
"121";"target";"straightness";0,129054941510082
"122";"target";"straightness";0,204082035121257
"123";"target";"straightness";0,401051628628264
"124";"target";"straightness";0,648920940572914
"125";"target";"straightness";0,305342915525249
"126";"target";"straightness";0,249699249386049
"127";"target";"straightness";0,507084505797137
"128";"target";"straightness";0,154692043979838
"129";"target";"turning.angles";0,519045742767009
"130";"target";"turning.angles";0,682954924693433
"131";"target";"turning.angles";0,327818363852848
"132";"target";"turning.angles";0,764909515656645
"133";"target";"turning.angles";0,40977295481606
"134";"target";"turning.angles";0,764909515656645
"135";"target";"turning.angles";0,355136560840585
"136";"target";"turning.angles";0,764909515656645
"137";"target";"turning.angles";0,901500500595332
"138";"target";"turning.angles";0,491727545779272
"139";"target";"turning.angles";0,901500500595332
"140";"target";"turning.angles";0,546363939754747
"141";"target";"turning.angles";0,764909515656645
"142";"target";"turning.angles";1,50250083432555
"143";"target";"turning.angles";1,12004607649723
"144";"target";"turning.angles";0,382454757828323
"145";"target";"turning.angles";0,491727545779272
"146";"target";"turning.angles";0,682954924693433
"147";"target";"turning.angles";0,163909181926424
"148";"target";"turning.angles";0,382454757828323
"149";"target";"turning.angles";0,437091151803797
"150";"target";"turning.angles";0,491727545779272
"151";"target";"turning.angles";0,355136560840585
"152";"target";"turning.angles";0,573682136742484
"153";"target";"turning.angles";0,764909515656645
"154";"target";"turning.angles";1,01077328854628
"155";"target";"turning.angles";0,382454757828323
"156";"target";"turning.angles";0,464409348791535
"157";"target";"turning.angles";0,163909181926424
"158";"target";"turning.angles";0,273181969877373
"159";"target";"turning.angles";0,956136894570807
"160";"target";"turning.angles";0,682954924693433
"161";"target";"turning.angles";0,464409348791535
"162";"target";"turning.angles";0,764909515656645
"163";"target";"turning.angles";0,710273121681171
"164";"target";"turning.angles";1,06540968252176
"165";"target";"turning.angles";0,792227712644383
"166";"target";"turning.angles";0,519045742767009
"167";"target";"turning.angles";0,355136560840585
"168";"target";"turning.angles";0,737591318668908
"169";"target";"turning.angles";0,382454757828323
"170";"target";"turning.angles";1,12004607649723
"171";"target";"turning.angles";0,40977295481606
"172";"target";"turning.angles";0,737591318668908
"173";"target";"turning.angles";0,300500166865111
"174";"target";"turning.angles";0,519045742767009
"175";"target";"turning.angles";0,355136560840585
"176";"target";"turning.angles";0,519045742767009
"177";"target";"turning.angles";0,382454757828323
"178";"target";"turning.angles";0,81954590963212
"179";"target";"turning.angles";0,573682136742484
"180";"target";"turning.angles";0,846864106619857
"181";"target";"turning.angles";0,956136894570807
"182";"target";"turning.angles";0,573682136742484
"183";"target";"turning.angles";0,628318530717959
"184";"target";"turning.angles";0,655636727705696
"185";"target";"turning.angles";0,382454757828323
"186";"target";"turning.angles";0,273181969877373
"187";"target";"turning.angles";0,655636727705696
"188";"target";"turning.angles";0,546363939754747
"189";"target";"turning.angles";1,58445542528877
"190";"target";"turning.angles";0,928818697583069
"191";"target";"turning.angles";0,655636727705696
"192";"target";"turning.angles";1,36590984938687
"193";"target";"arrest.coeff";0,275862068965517
"194";"target";"arrest.coeff";0,353448275862069
"195";"target";"arrest.coeff";0,155172413793103
"196";"target";"arrest.coeff";0,491379310344828
"197";"target";"arrest.coeff";0,232758620689655
"198";"target";"arrest.coeff";0,379310344827586
"199";"target";"arrest.coeff";0,206896551724138
"200";"target";"arrest.coeff";0,396551724137931
"201";"target";"arrest.coeff";0,53448275862069
"202";"target";"arrest.coeff";0,344827586206897
"203";"target";"arrest.coeff";0,422413793103448
"204";"target";"arrest.coeff";0,405172413793103
"205";"target";"arrest.coeff";0,336206896551724
"206";"target";"arrest.coeff";0,767241379310345
"207";"target";"arrest.coeff";0,53448275862069
"208";"target";"arrest.coeff";0,241379310344828
"209";"target";"arrest.coeff";0,310344827586207
"210";"target";"arrest.coeff";0,413793103448276
"211";"target";"arrest.coeff";0,146551724137931
"212";"target";"arrest.coeff";0,137931034482759
"213";"target";"arrest.coeff";0,275862068965517
"214";"target";"arrest.coeff";0,405172413793103
"215";"target";"arrest.coeff";0,267241379310345
"216";"target";"arrest.coeff";0,318965517241379
"217";"target";"arrest.coeff";0,336206896551724
"218";"target";"arrest.coeff";0,482758620689655
"219";"target";"arrest.coeff";0,129310344827586
"220";"target";"arrest.coeff";0,267241379310345
"221";"target";"arrest.coeff";0,112068965517241
"222";"target";"arrest.coeff";0,181034482758621
"223";"target";"arrest.coeff";0,413793103448276
"224";"target";"arrest.coeff";0,344827586206897
"225";"target";"arrest.coeff";0,25
"226";"target";"arrest.coeff";0,5
"227";"target";"arrest.coeff";0,344827586206897
"228";"target";"arrest.coeff";0,551724137931034
"229";"target";"arrest.coeff";0,46551724137931
"230";"target";"arrest.coeff";0,318965517241379
"231";"target";"arrest.coeff";0,163793103448276
"232";"target";"arrest.coeff";0,387931034482759
"233";"target";"arrest.coeff";0,189655172413793
"234";"target";"arrest.coeff";0,551724137931034
"235";"target";"arrest.coeff";0,189655172413793
"236";"target";"arrest.coeff";0,456896551724138
"237";"target";"arrest.coeff";0,232758620689655
"238";"target";"arrest.coeff";0,25
"239";"target";"arrest.coeff";0,232758620689655
"240";"target";"arrest.coeff";0,275862068965517
"241";"target";"arrest.coeff";0,25
"242";"target";"arrest.coeff";0,551724137931034
"243";"target";"arrest.coeff";0,275862068965517
"244";"target";"arrest.coeff";0,456896551724138
"245";"target";"arrest.coeff";0,413793103448276
"246";"target";"arrest.coeff";0,379310344827586
"247";"target";"arrest.coeff";0,379310344827586
"248";"target";"arrest.coeff";0,293103448275862
"249";"target";"arrest.coeff";0,198275862068966
"250";"target";"arrest.coeff";0,21551724137931
"251";"target";"arrest.coeff";0,431034482758621
"252";"target";"arrest.coeff";0,379310344827586
"253";"target";"arrest.coeff";0,655172413793103
"254";"target";"arrest.coeff";0,448275862068966
"255";"target";"arrest.coeff";0,370689655172414
"256";"target";"arrest.coeff";0,681034482758621
