"";"type";"Measure";"Measurement"
"1";"target";"inst.speed";9,90439186755216
"2";"target";"inst.speed";7,63345608423539
"3";"target";"inst.speed";10,1025353683449
"4";"target";"inst.speed";10,3312444452907
"5";"target";"inst.speed";5,70912248992996
"6";"target";"inst.speed";8,23878747304178
"7";"target";"inst.speed";7,88302334938027
"8";"target";"inst.speed";9,2902836327589
"9";"target";"inst.speed";7,90376178381439
"10";"target";"inst.speed";9,95197432157147
"11";"target";"inst.speed";8,45162489049793
"12";"target";"inst.speed";9,43359633427677
"13";"target";"inst.speed";9,75926220656565
"14";"target";"inst.speed";8,56277911091759
"15";"target";"inst.speed";9,4142481838232
"16";"target";"inst.speed";8,53474676513703
"17";"target";"inst.speed";8,07642289396576
"18";"target";"inst.speed";8,27226367843031
"19";"target";"inst.speed";9,79548829843379
"20";"target";"inst.speed";9,39301719557042
"21";"target";"inst.speed";9,06326493605412
"22";"target";"inst.speed";9,02701026235554
"23";"target";"inst.speed";8,67792710175165
"24";"target";"inst.speed";7,2840168787244
"25";"target";"inst.speed";8,83057656194843
"26";"target";"inst.speed";9,86093007607811
"27";"target";"inst.speed";9,46243021153073
"28";"target";"inst.speed";8,23025229890789
"29";"target";"inst.speed";9,21064304801586
"30";"target";"inst.speed";8,67037589006775
"31";"target";"inst.speed";9,66748318761571
"32";"target";"inst.speed";9,00982080620185
"33";"target";"inst.speed";8,88828442468253
"34";"target";"inst.speed";9,19803368343307
"35";"target";"inst.speed";9,33433976838803
"36";"target";"inst.speed";9,19850791886339
"37";"target";"inst.speed";9,29320374674703
"38";"target";"inst.speed";10,555707147624
"39";"target";"inst.speed";9,30128432520349
"40";"target";"inst.speed";7,50224756887177
"41";"target";"inst.speed";8,10497378055235
"42";"target";"inst.speed";9,59943968133337
"43";"target";"inst.speed";9,57110012275462
"44";"target";"inst.speed";8,66003023913823
"45";"target";"inst.speed";8,26886445014222
"46";"target";"inst.speed";7,27641190622284
"47";"target";"inst.speed";7,94449110315248
"48";"target";"inst.speed";7,75829692402955
"49";"target";"inst.speed";7,43320199546103
"50";"target";"inst.speed";8,29553462182712
"51";"target";"inst.speed";9,92256648431567
"52";"target";"inst.speed";8,6972634560426
"53";"target";"inst.speed";8,6157558838174
"54";"target";"inst.speed";8,47955298135595
"55";"target";"inst.speed";7,53696451013971
"56";"target";"inst.speed";8,2538073804954
"57";"target";"inst.speed";8,53414233741301
"58";"target";"inst.speed";9,76067408736157
"59";"target";"inst.speed";10,2650072832485
"60";"target";"inst.speed";9,02559023086765
"61";"target";"inst.speed";8,65632713733709
"62";"target";"inst.speed";9,17147438558645
"63";"target";"inst.speed";9,13519801539326
"64";"target";"inst.speed";9,61209948166389
"65";"target";"straightness";0,552595158156383
"66";"target";"straightness";0,380298023720939
"67";"target";"straightness";0,475794784710224
"68";"target";"straightness";0,639972027580778
"69";"target";"straightness";0,433637383261765
"70";"target";"straightness";0,2912272548983
"71";"target";"straightness";0,455712205569427
"72";"target";"straightness";0,797226216807308
"73";"target";"straightness";0,474312050753654
"74";"target";"straightness";0,701954179005522
"75";"target";"straightness";0,642019835824068
"76";"target";"straightness";0,376079284076411
"77";"target";"straightness";0,425695989516127
"78";"target";"straightness";0,807403952193776
"79";"target";"straightness";0,0793126431085757
"80";"target";"straightness";0,657384258685172
"81";"target";"straightness";0,648547953755194
"82";"target";"straightness";0,403573778076202
"83";"target";"straightness";0,573391255730694
"84";"target";"straightness";0,84133240082646
"85";"target";"straightness";0,155567205642317
"86";"target";"straightness";0,707867139831278
"87";"target";"straightness";0,314256821083999
"88";"target";"straightness";0,260382213057328
"89";"target";"straightness";0,622239270652858
"90";"target";"straightness";0,738622522128241
"91";"target";"straightness";0,621255751759102
"92";"target";"straightness";0,834149886048735
"93";"target";"straightness";0,51498654974758
"94";"target";"straightness";0,501489417921836
"95";"target";"straightness";0,28341159684778
"96";"target";"straightness";0,539317914697562
"97";"target";"straightness";0,707064725657222
"98";"target";"straightness";0,500250513361536
"99";"target";"straightness";0,463822531061899
"100";"target";"straightness";0,181517606488869
"101";"target";"straightness";0,723433848117132
"102";"target";"straightness";0,247157527767874
"103";"target";"straightness";0,553170661107787
"104";"target";"straightness";0,0721172306852396
"105";"target";"straightness";0,249113384949939
"106";"target";"straightness";0,557038492644644
"107";"target";"straightness";0,414825084054461
"108";"target";"straightness";0,139966160442204
"109";"target";"straightness";0,285098181957467
"110";"target";"straightness";0,5477346451785
"111";"target";"straightness";0,669688480202399
"112";"target";"straightness";0,595970851250655
"113";"target";"straightness";0,295783310231536
"114";"target";"straightness";0,589782661520783
"115";"target";"straightness";0,102957348049888
"116";"target";"straightness";0,460087308860187
"117";"target";"straightness";0,422303084117098
"118";"target";"straightness";0,635816892543572
"119";"target";"straightness";0,491421944361865
"120";"target";"straightness";0,366827680789877
"121";"target";"straightness";0,381576655388481
"122";"target";"straightness";0,713154730172786
"123";"target";"straightness";0,251951953189426
"124";"target";"straightness";0,381598563947004
"125";"target";"straightness";0,288804908970137
"126";"target";"straightness";0,370531356938076
"127";"target";"straightness";0,36298829759796
"128";"target";"straightness";0,281425668202901
"129";"target";"turning.angles";0,225148531616858
"130";"target";"turning.angles";0,388253007863912
"131";"target";"turning.angles";0,243675228941419
"132";"target";"turning.angles";0,208654927552311
"133";"target";"turning.angles";0,517034336490999
"134";"target";"turning.angles";0,318735662985924
"135";"target";"turning.angles";0,359643170625665
"136";"target";"turning.angles";0,177836223593334
"137";"target";"turning.angles";0,389254057646597
"138";"target";"turning.angles";0,199761201251868
"139";"target";"turning.angles";0,385092582268288
"140";"target";"turning.angles";0,22390156744638
"141";"target";"turning.angles";0,235009837764385
"142";"target";"turning.angles";0,32567517333559
"143";"target";"turning.angles";0,251736293271418
"144";"target";"turning.angles";0,293609419894527
"145";"target";"turning.angles";0,321437371741162
"146";"target";"turning.angles";0,341214039984496
"147";"target";"turning.angles";0,251522430794669
"148";"target";"turning.angles";0,279028281282445
"149";"target";"turning.angles";0,265675555482176
"150";"target";"turning.angles";0,291230973167938
"151";"target";"turning.angles";0,29141817470207
"152";"target";"turning.angles";0,440574569832013
"153";"target";"turning.angles";0,24846356966112
"154";"target";"turning.angles";0,181169495688907
"155";"target";"turning.angles";0,254104426349588
"156";"target";"turning.angles";0,27179641371763
"157";"target";"turning.angles";0,254508655893723
"158";"target";"turning.angles";0,312179386419337
"159";"target";"turning.angles";0,212713847414626
"160";"target";"turning.angles";0,303630450038407
"161";"target";"turning.angles";0,278666506884539
"162";"target";"turning.angles";0,315517841460958
"163";"target";"turning.angles";0,283324239728352
"164";"target";"turning.angles";0,250879283490347
"165";"target";"turning.angles";0,275623540637162
"166";"target";"turning.angles";0,20683442231116
"167";"target";"turning.angles";0,210741084978968
"168";"target";"turning.angles";0,424578029393644
"169";"target";"turning.angles";0,363554909484564
"170";"target";"turning.angles";0,245261178180235
"171";"target";"turning.angles";0,265580799241085
"172";"target";"turning.angles";0,303163295656999
"173";"target";"turning.angles";0,294183906937369
"174";"target";"turning.angles";0,402119699985616
"175";"target";"turning.angles";0,366341203068804
"176";"target";"turning.angles";0,362801532489249
"177";"target";"turning.angles";0,438999418346005
"178";"target";"turning.angles";0,308770109699656
"179";"target";"turning.angles";0,209514822084833
"180";"target";"turning.angles";0,351367744582634
"181";"target";"turning.angles";0,258646534317884
"182";"target";"turning.angles";0,306585556645855
"183";"target";"turning.angles";0,365486518736097
"184";"target";"turning.angles";0,308349441973666
"185";"target";"turning.angles";0,261133224111678
"186";"target";"turning.angles";0,229490267359873
"187";"target";"turning.angles";0,205467206191154
"188";"target";"turning.angles";0,224370440594771
"189";"target";"turning.angles";0,31271301822904
"190";"target";"turning.angles";0,260619838094118
"191";"target";"turning.angles";0,233401756890642
"192";"target";"turning.angles";0,227440520063296
"193";"target";"arrest.coeff";0
"194";"target";"arrest.coeff";0,0948275862068965
"195";"target";"arrest.coeff";0
"196";"target";"arrest.coeff";0,00862068965517241
"197";"target";"arrest.coeff";0,181034482758621
"198";"target";"arrest.coeff";0,0344827586206897
"199";"target";"arrest.coeff";0,0431034482758621
"200";"target";"arrest.coeff";0
"201";"target";"arrest.coeff";0,0603448275862069
"202";"target";"arrest.coeff";0,00862068965517241
"203";"target";"arrest.coeff";0,0689655172413793
"204";"target";"arrest.coeff";0,0172413793103448
"205";"target";"arrest.coeff";0
"206";"target";"arrest.coeff";0,0517241379310345
"207";"target";"arrest.coeff";0
"208";"target";"arrest.coeff";0,0172413793103448
"209";"target";"arrest.coeff";0,0258620689655172
"210";"target";"arrest.coeff";0,0431034482758621
"211";"target";"arrest.coeff";0,0344827586206897
"212";"target";"arrest.coeff";0,0344827586206897
"213";"target";"arrest.coeff";0,0431034482758621
"214";"target";"arrest.coeff";0,0431034482758621
"215";"target";"arrest.coeff";0,0172413793103448
"216";"target";"arrest.coeff";0,0775862068965517
"217";"target";"arrest.coeff";0,0344827586206897
"218";"target";"arrest.coeff";0
"219";"target";"arrest.coeff";0,00862068965517241
"220";"target";"arrest.coeff";0,0344827586206897
"221";"target";"arrest.coeff";0
"222";"target";"arrest.coeff";0,0172413793103448
"223";"target";"arrest.coeff";0
"224";"target";"arrest.coeff";0,0258620689655172
"225";"target";"arrest.coeff";0,0172413793103448
"226";"target";"arrest.coeff";0,0431034482758621
"227";"target";"arrest.coeff";0,0258620689655172
"228";"target";"arrest.coeff";0,0172413793103448
"229";"target";"arrest.coeff";0,0258620689655172
"230";"target";"arrest.coeff";0
"231";"target";"arrest.coeff";0,0172413793103448
"232";"target";"arrest.coeff";0,120689655172414
"233";"target";"arrest.coeff";0,0517241379310345
"234";"target";"arrest.coeff";0,0344827586206897
"235";"target";"arrest.coeff";0,0431034482758621
"236";"target";"arrest.coeff";0,0172413793103448
"237";"target";"arrest.coeff";0,0258620689655172
"238";"target";"arrest.coeff";0,0517241379310345
"239";"target";"arrest.coeff";0,0258620689655172
"240";"target";"arrest.coeff";0,0344827586206897
"241";"target";"arrest.coeff";0,0948275862068965
"242";"target";"arrest.coeff";0,0431034482758621
"243";"target";"arrest.coeff";0
"244";"target";"arrest.coeff";0,0344827586206897
"245";"target";"arrest.coeff";0,0344827586206897
"246";"target";"arrest.coeff";0,0344827586206897
"247";"target";"arrest.coeff";0,0517241379310345
"248";"target";"arrest.coeff";0,0431034482758621
"249";"target";"arrest.coeff";0,0172413793103448
"250";"target";"arrest.coeff";0,00862068965517241
"251";"target";"arrest.coeff";0
"252";"target";"arrest.coeff";0,00862068965517241
"253";"target";"arrest.coeff";0,0431034482758621
"254";"target";"arrest.coeff";0,0172413793103448
"255";"target";"arrest.coeff";0,00862068965517241
"256";"target";"arrest.coeff";0,00862068965517241
